CustomerID,Age,Gender,Region,MonthlyIncome,SpendingScore,SubscriptionType,TenureMonths,Churn,PurchaseAmount,TransactionDate
CUST0001,56,Male,North,6443,76,Standard,35,No,3379.85,2024-05-18
CUST0002,69,Male,South,8770,45,Standard,48,Yes,1233.27,2023-08-30
CUST0003,46,Male,West,14917,67,Standard,18,Yes,1293.5,2025-01-19
CUST0004,32,Female,North,11732,86,Basic,16,No,1599.63,2024-01-27
CUST0005,60,Male,West,8099,66,Basic,55,Yes,412.06,2025-08-15
CUST0006,25,Male,South,14135,88,Premium,39,Yes,967.92,2025-07-12
CUST0007,38,Male,North,10555,34,Premium,4,No,125.18,2024-05-10
CUST0008,56,Female,East,4368,91,Standard,59,Yes,2282.51,2023-12-30
CUST0009,36,Female,South,2285,55,Basic,25,Yes,512.85,2024-07-01
CUST0010,40,Male,East,2148,1,Standard,32,No,3445.0,2024-07-31
CUST0011,28,Male,West,6037,72,Premium,40,Yes,1254.55,2025-04-14
CUST0012,28,Male,West,8549,87,Premium,13,No,4723.51,2023-09-27
CUST0013,41,Male,South,9121,38,Standard,45,Yes,4369.13,2023-11-25
CUST0014,53,Female,West,14743,6,Premium,17,No,1518.26,2025-07-10
CUST0015,57,Female,East,11958,86,Standard,49,Yes,3937.76,2025-01-21
CUST0016,41,Female,North,6895,25,Basic,37,Yes,4035.9,2025-02-16
CUST0017,20,Female,North,7280,82,Standard,6,No,4934.16,2025-07-06
CUST0018,39,Male,North,3012,17,Basic,19,No,3029.42,2025-02-03
CUST0019,19,Male,South,13023,61,Basic,13,No,501.63,2025-01-08
CUST0020,41,Male,West,12699,12,Premium,57,No,3269.5,2024-08-15
CUST0021,61,Female,East,11715,6,Premium,26,Yes,3162.4,2024-08-15
CUST0022,47,Male,West,4785,90,Premium,14,Yes,3227.92,2025-04-30
CUST0023,55,Female,West,12748,27,Standard,31,Yes,1605.01,2023-09-28
CUST0024,19,Female,West,5725,8,Standard,54,No,4312.43,2025-07-28
CUST0025,38,Male,North,6576,83,Premium,4,Yes,4801.41,2024-12-09
CUST0026,50,Male,East,7782,65,Standard,39,Yes,1166.79,2024-03-02
CUST0027,29,Male,East,8257,57,Premium,8,No,531.95,2024-08-09
CUST0028,39,Female,West,11793,93,Standard,25,No,1053.22,2024-07-04
CUST0029,61,Male,North,4408,99,Basic,13,Yes,4120.71,2025-05-19
CUST0030,42,Female,North,2340,40,Basic,32,No,3415.56,2025-08-20
CUST0031,66,Male,East,4817,14,Premium,59,Yes,3216.63,2025-03-17
CUST0032,44,Female,North,4496,35,Standard,38,Yes,2068.79,2024-08-26
CUST0033,59,Female,North,7962,48,Standard,38,No,2931.36,2024-04-21
CUST0034,45,Male,North,7299,84,Basic,56,Yes,1608.58,2024-08-27
CUST0035,33,Female,South,11917,56,Basic,28,No,2438.28,2024-01-29
CUST0036,32,Female,West,9574,49,Premium,53,No,3986.01,2023-12-10
CUST0037,64,Male,East,3689,13,Basic,30,Yes,4908.08,2024-04-20
CUST0038,68,Female,East,5267,61,Premium,3,Yes,4669.2,2023-11-16
CUST0039,61,Male,South,6406,49,Basic,28,Yes,4675.94,2025-08-15
CUST0040,69,Female,West,10453,46,Basic,3,No,2070.9,2024-11-03
CUST0041,20,Male,East,3442,62,Standard,45,Yes,2397.07,2024-04-07
CUST0042,54,Male,North,10597,8,Basic,54,No,3557.61,2025-02-28
CUST0043,68,Female,East,12382,43,Basic,34,No,4618.74,2025-08-15
CUST0044,24,Female,North,6437,20,Premium,16,Yes,795.77,2024-04-09
CUST0045,38,Female,South,7435,97,Basic,22,No,1590.79,2025-07-20
CUST0046,26,Female,North,10435,90,Premium,32,Yes,782.31,2025-04-15
CUST0047,56,Female,East,14777,39,Basic,38,Yes,3098.84,2025-04-02
CUST0048,35,Male,East,6107,85,Basic,8,Yes,1600.87,2023-12-12
CUST0049,21,Female,East,2560,49,Premium,55,Yes,1697.93,2024-07-26
CUST0050,42,Male,South,14329,64,Standard,8,Yes,447.49,2024-11-10
CUST0051,31,Male,South,12917,62,Premium,57,Yes,1814.0,2025-05-15
CUST0052,67,Female,West,10785,54,Premium,6,Yes,4326.23,2024-11-03
CUST0053,26,Male,East,7548,9,Premium,14,No,1242.06,2025-07-11
CUST0054,43,Male,North,3826,88,Standard,32,Yes,3506.42,2024-10-26
CUST0055,19,Male,South,13421,37,Basic,35,No,3185.18,2024-06-09
CUST0056,37,Male,East,13479,49,Premium,10,No,4331.07,2024-06-15
CUST0057,45,Female,East,14265,41,Premium,3,No,748.21,2025-05-19
CUST0058,64,Male,South,9629,17,Standard,59,Yes,4890.19,2024-01-26
CUST0059,24,Female,West,10325,88,Premium,12,No,2954.88,2024-06-27
CUST0060,61,Female,South,5138,21,Basic,49,No,4977.82,2024-04-11
CUST0061,25,Male,South,14111,51,Standard,59,Yes,4566.42,2025-07-12
CUST0062,64,Female,North,9693,59,Basic,31,Yes,1185.43,2024-03-10
CUST0063,52,Female,North,10264,39,Basic,29,No,375.19,2023-12-11
CUST0064,31,Female,West,14686,55,Standard,5,Yes,1352.63,2023-12-29
CUST0065,34,Male,East,9842,41,Premium,52,Yes,2685.06,2023-11-01
CUST0066,53,Female,South,8721,39,Basic,25,Yes,940.82,2024-07-17
CUST0067,67,Female,West,9002,13,Basic,41,Yes,920.55,2025-07-16
CUST0068,57,Female,North,6225,64,Basic,31,No,2366.71,2025-02-19
CUST0069,21,Male,South,4978,11,Basic,21,Yes,263.01,2025-06-23
CUST0070,19,Female,East,9373,19,Standard,58,Yes,697.25,2024-05-14
CUST0071,23,Male,North,7907,11,Standard,20,Yes,2137.72,2023-10-12
CUST0072,59,Male,North,8097,77,Basic,39,No,409.34,2025-06-08
CUST0073,21,Male,North,14553,46,Premium,22,No,2044.1,2024-09-30
CUST0074,46,Male,West,7656,45,Basic,4,Yes,2422.63,2024-10-24
CUST0075,35,Male,East,12177,1,Premium,13,Yes,2311.21,2025-01-04
CUST0076,43,Male,South,10984,40,Basic,45,No,4358.96,2024-11-29
CUST0077,61,Female,West,6259,19,Premium,42,Yes,2697.31,2024-06-30
CUST0078,51,Male,West,10286,76,Basic,50,Yes,2393.1,2025-01-04
CUST0079,27,Female,West,7901,72,Premium,49,No,2112.48,2024-10-15
CUST0080,53,Female,North,11325,72,Basic,20,Yes,4106.35,2024-09-14
CUST0081,31,Male,East,6917,61,Basic,52,Yes,4485.78,2024-10-12
CUST0082,48,Female,West,10429,12,Premium,13,No,4280.89,2025-02-05
CUST0083,65,Female,South,13138,61,Standard,17,No,3400.38,2025-06-18
CUST0084,32,Female,East,4530,33,Premium,54,Yes,773.07,2025-07-02
CUST0085,25,Female,South,3960,45,Standard,36,No,1456.66,2024-09-15
CUST0086,31,Male,East,9045,90,Basic,33,Yes,325.71,2024-01-24
CUST0087,40,Female,South,3048,92,Premium,1,Yes,4661.04,2025-02-12
CUST0088,57,Male,North,7772,69,Premium,15,Yes,3337.91,2025-05-31
CUST0089,38,Female,West,4529,8,Premium,13,No,3757.18,2025-05-03
CUST0090,33,Female,South,4964,25,Standard,17,No,1626.7,2025-07-28
CUST0091,62,Male,East,9137,91,Standard,24,Yes,4243.7,2024-08-11
CUST0092,35,Female,West,2963,46,Basic,58,Yes,1372.06,2024-07-17
CUST0093,64,Female,West,2536,87,Standard,8,No,108.05,2024-09-27
CUST0094,41,Female,East,9340,30,Standard,50,No,1944.43,2024-02-02
CUST0095,43,Male,South,9179,47,Basic,27,No,2896.73,2025-06-05
CUST0096,42,Female,North,9967,87,Premium,45,Yes,2445.65,2025-07-02
CUST0097,62,Male,North,14415,49,Premium,23,No,4324.17,2024-03-14
CUST0098,58,Female,South,13871,47,Basic,46,No,616.49,2024-07-23
CUST0099,46,Male,West,14379,84,Premium,8,Yes,2813.73,2024-08-10
CUST0100,32,Male,West,13916,82,Standard,8,Yes,2613.6,2025-07-15
CUST0101,62,Female,West,10734,18,Basic,59,Yes,1478.83,2023-10-19
CUST0102,18,Female,West,2845,66,Basic,26,No,4128.92,2024-05-27
CUST0103,42,Male,South,13795,68,Basic,47,Yes,3788.96,2024-09-17
CUST0104,24,Male,West,7777,94,Premium,59,Yes,3691.01,2023-12-10
CUST0105,26,Female,East,5036,33,Basic,13,Yes,4393.34,2025-08-28
CUST0106,41,Male,West,7947,36,Basic,39,Yes,3641.64,2024-10-15
CUST0107,18,Female,North,4494,82,Basic,37,No,1236.02,2023-12-10
CUST0108,61,Female,West,14677,19,Premium,49,Yes,3557.26,2024-02-12
CUST0109,25,Female,South,4719,28,Standard,28,No,1607.74,2025-02-14
CUST0110,41,Female,North,3884,40,Basic,25,No,1286.66,2023-12-21
CUST0111,28,Male,South,14330,84,Standard,16,No,457.72,2024-09-16
CUST0112,68,Female,South,6349,97,Premium,55,Yes,3745.74,2024-10-11
CUST0113,34,Male,North,13393,76,Premium,2,No,3583.9,2024-03-31
CUST0114,25,Female,South,7179,15,Premium,54,Yes,1249.05,2024-12-10
CUST0115,52,Male,South,12902,41,Premium,18,Yes,3771.96,2023-10-31
CUST0116,52,Female,West,8610,39,Standard,17,Yes,4597.42,2024-09-10
CUST0117,50,Male,East,8430,2,Basic,30,No,629.34,2023-11-03
CUST0118,22,Male,South,9154,63,Premium,39,Yes,1239.92,2024-04-19
CUST0119,59,Female,South,12145,29,Premium,13,Yes,3776.28,2024-01-03
CUST0120,56,Female,South,8488,74,Standard,32,Yes,1445.08,2024-02-11
CUST0121,58,Female,West,6737,66,Standard,50,No,3160.85,2024-03-19
CUST0122,45,Female,East,8525,51,Premium,29,No,497.7,2024-05-24
CUST0123,24,Male,North,5850,75,Basic,46,No,2315.79,2023-10-08
CUST0124,26,Female,West,2689,77,Basic,30,Yes,3721.55,2025-08-14
CUST0125,25,Male,West,12142,10,Premium,18,No,3463.92,2025-03-03
CUST0126,29,Male,East,7175,14,Standard,13,Yes,4093.85,2025-08-18
CUST0127,51,Female,East,10648,82,Premium,43,Yes,4399.52,2023-11-01
CUST0128,50,Male,West,7078,51,Premium,21,No,3888.6,2023-12-19
CUST0129,65,Male,North,12322,73,Standard,30,Yes,3390.78,2025-04-15
CUST0130,40,Male,West,14168,39,Premium,21,No,255.44,2025-05-24
CUST0131,41,Male,East,14436,28,Premium,48,Yes,2721.34,2024-08-18
CUST0132,54,Female,North,7448,3,Premium,55,No,284.72,2024-11-21
CUST0133,52,Female,East,3179,84,Standard,17,Yes,4059.53,2024-01-18
CUST0134,61,Female,North,14477,70,Basic,40,Yes,1671.55,2025-08-24
CUST0135,57,Female,South,13757,27,Basic,19,Yes,2855.9,2024-12-25
CUST0136,39,Male,East,11074,2,Standard,52,Yes,1469.28,2025-02-15
CUST0137,44,Male,East,8406,93,Basic,15,Yes,3934.25,2023-10-23
CUST0138,52,Female,West,10591,38,Premium,9,No,4443.86,2023-10-29
CUST0139,18,Female,East,8907,3,Basic,52,Yes,2053.35,2025-04-04
CUST0140,52,Female,East,10800,16,Premium,10,No,4328.32,2024-09-28
CUST0141,54,Male,South,3638,94,Basic,44,No,1408.67,2025-03-27
CUST0142,64,Female,East,7671,40,Standard,31,No,2719.84,2024-01-06
CUST0143,31,Female,South,8928,2,Basic,53,Yes,4307.93,2025-07-12
CUST0144,20,Female,South,12340,81,Basic,23,Yes,1696.82,2023-10-30
CUST0145,18,Male,South,3382,41,Basic,52,Yes,4774.81,2024-09-21
CUST0146,22,Male,South,3403,12,Standard,30,No,697.21,2025-05-25
CUST0147,43,Male,North,11011,35,Basic,33,Yes,189.55,2025-08-25
CUST0148,31,Male,West,5292,65,Standard,57,Yes,4530.26,2024-10-13
CUST0149,56,Male,North,11011,55,Premium,52,No,436.38,2025-03-31
CUST0150,44,Male,East,2419,45,Basic,9,No,4960.26,2025-06-12
CUST0151,26,Male,North,14411,79,Standard,54,No,4761.84,2024-06-04
CUST0152,32,Male,North,6517,90,Standard,47,No,771.4,2025-03-30
CUST0153,32,Female,East,5302,85,Basic,1,No,2734.16,2023-09-20
CUST0154,43,Female,East,9857,62,Premium,44,No,1006.11,2025-06-24
CUST0155,59,Male,East,11700,49,Standard,35,Yes,2197.96,2025-05-20
CUST0156,30,Male,North,9870,95,Basic,11,No,400.98,2024-06-13
CUST0157,68,Female,North,7693,25,Premium,34,Yes,1197.23,2025-06-25
CUST0158,49,Male,East,2767,23,Standard,16,Yes,1880.04,2023-09-13
CUST0159,56,Male,West,4044,24,Standard,9,Yes,2249.37,2024-01-26
CUST0160,66,Male,West,12331,38,Premium,32,No,4889.73,2023-10-10
CUST0161,69,Female,South,13221,28,Premium,15,Yes,4058.54,2025-08-14
CUST0162,49,Female,East,3549,21,Basic,12,No,3713.31,2024-12-21
CUST0163,21,Female,South,11956,54,Basic,33,No,2731.5,2024-03-21
CUST0164,47,Female,West,8140,18,Standard,45,Yes,4215.99,2024-10-22
CUST0165,54,Female,South,12837,36,Premium,14,No,1762.68,2025-05-28
CUST0166,40,Male,East,5716,99,Premium,57,Yes,3573.61,2025-01-03
CUST0167,56,Female,East,14797,45,Premium,57,Yes,4969.54,2024-07-07
CUST0168,62,Male,East,6481,73,Standard,8,No,1641.68,2024-02-23
CUST0169,32,Male,North,9898,53,Premium,8,Yes,3402.69,2024-09-09
CUST0170,60,Female,South,8548,30,Premium,27,Yes,4237.14,2025-02-24
CUST0171,46,Female,West,4293,60,Standard,12,Yes,4587.46,2024-06-30
CUST0172,53,Male,West,6837,98,Basic,1,No,3617.87,2025-07-02
CUST0173,30,Male,West,9758,32,Basic,43,Yes,1489.68,2024-02-20
CUST0174,49,Male,North,12900,67,Standard,40,No,1698.78,2023-10-13
CUST0175,24,Female,North,8793,67,Premium,42,No,201.71,2023-11-19
CUST0176,68,Female,East,9638,28,Standard,51,Yes,3828.34,2024-07-28
CUST0177,39,Female,West,9993,44,Basic,11,Yes,309.42,2024-06-21
CUST0178,45,Female,North,8007,79,Basic,39,No,4336.8,2024-04-28
CUST0179,19,Female,East,7542,41,Standard,43,No,681.44,2024-07-07
CUST0180,59,Male,West,11092,63,Standard,31,Yes,942.19,2024-02-18
CUST0181,62,Female,South,13276,23,Basic,17,Yes,2434.98,2024-11-06
CUST0182,23,Male,East,8356,75,Standard,33,No,3715.61,2025-02-06
CUST0183,45,Male,North,12201,48,Basic,32,No,781.11,2024-02-11
CUST0184,45,Male,North,10433,32,Standard,58,No,2256.35,2023-11-30
CUST0185,61,Female,East,9380,57,Standard,29,No,2465.97,2025-07-27
CUST0186,61,Female,East,4385,33,Standard,21,No,1140.2,2024-10-15
CUST0187,37,Female,North,6268,24,Basic,21,Yes,666.24,2025-04-06
CUST0188,47,Male,South,2671,39,Standard,40,No,4198.46,2024-12-11
CUST0189,28,Male,West,2163,34,Basic,23,No,2562.08,2024-05-30
CUST0190,45,Male,South,10656,56,Basic,56,Yes,170.47,2025-04-30
CUST0191,42,Male,East,13234,28,Standard,6,Yes,4034.61,2025-07-24
CUST0192,56,Male,South,6592,37,Standard,22,No,4905.89,2024-03-20
CUST0193,50,Male,North,6795,7,Basic,50,No,3069.04,2025-03-08
CUST0194,18,Female,East,12634,68,Basic,38,Yes,2568.17,2025-07-22
CUST0195,44,Female,West,6798,37,Premium,37,No,4404.24,2023-10-30
CUST0196,69,Female,North,8036,56,Basic,45,No,4767.33,2024-09-14
CUST0197,30,Female,North,4355,65,Premium,51,Yes,3797.23,2023-09-02
CUST0198,58,Male,West,7887,65,Premium,54,No,2282.72,2024-07-07
CUST0199,20,Male,West,14470,47,Premium,8,Yes,3001.88,2025-04-15
CUST0200,56,Female,South,14916,20,Standard,41,Yes,3534.58,2025-04-11
CUST0201,23,Male,East,9961,19,Standard,49,Yes,1051.94,2025-07-19
CUST0202,25,Female,West,12749,29,Basic,35,Yes,2291.29,2024-04-24
CUST0203,44,Female,West,7827,74,Premium,51,No,4166.12,2025-06-26
CUST0204,26,Female,East,10737,60,Standard,11,Yes,3308.15,2023-12-24
CUST0205,54,Male,West,6719,18,Standard,24,No,2114.9,2024-11-18
CUST0206,50,Female,West,14027,92,Standard,49,No,3350.48,2025-03-23
CUST0207,68,Female,South,2593,35,Standard,21,No,679.29,2025-06-01
CUST0208,59,Female,North,6839,43,Standard,51,No,2067.34,2023-12-05
CUST0209,61,Male,North,9394,95,Premium,2,No,3986.33,2023-09-24
CUST0210,41,Male,North,13996,91,Premium,40,Yes,1180.49,2024-09-30
CUST0211,32,Female,North,11651,11,Premium,19,Yes,1011.21,2024-05-13
CUST0212,49,Male,West,5493,49,Premium,39,Yes,4759.01,2025-03-29
CUST0213,49,Male,East,12793,38,Basic,28,Yes,1128.5,2024-04-06
CUST0214,41,Male,East,8164,64,Premium,59,No,1378.5,2024-02-04
CUST0215,58,Male,South,12636,69,Standard,17,Yes,4851.12,2024-06-01
CUST0216,69,Male,South,4672,8,Premium,6,No,3700.07,2024-04-12
CUST0217,66,Male,West,6200,34,Basic,19,No,3528.02,2024-03-03
CUST0218,66,Male,East,2016,48,Standard,56,Yes,4279.34,2024-12-14
CUST0219,69,Male,East,5191,56,Premium,38,Yes,667.53,2023-11-05
CUST0220,29,Male,North,2392,76,Premium,28,Yes,3559.19,2024-10-10
CUST0221,56,Male,West,10616,65,Premium,2,Yes,2568.07,2025-06-18
CUST0222,19,Female,West,8272,31,Standard,38,No,4162.84,2024-03-26
CUST0223,20,Female,North,2571,4,Standard,55,No,2589.89,2025-01-23
CUST0224,66,Male,West,5631,50,Basic,37,Yes,3139.18,2025-08-25
CUST0225,54,Female,West,8172,69,Standard,51,No,2440.94,2024-09-14
CUST0226,66,Female,South,11312,30,Standard,52,No,2442.98,2025-04-13
CUST0227,34,Male,East,9177,88,Premium,4,No,3863.05,2025-08-25
CUST0228,66,Male,West,10433,59,Standard,22,Yes,3179.98,2023-11-04
CUST0229,19,Male,South,5897,67,Premium,26,No,3202.99,2025-04-22
CUST0230,19,Female,East,14287,75,Premium,49,Yes,2306.38,2024-09-03
CUST0231,45,Female,North,10123,45,Standard,43,Yes,2702.44,2024-12-01
CUST0232,40,Male,South,4279,4,Basic,36,No,3754.02,2024-07-30
CUST0233,54,Male,South,10980,26,Basic,58,No,4147.11,2024-02-14
CUST0234,49,Male,East,9451,27,Standard,13,Yes,3513.15,2023-12-08
CUST0235,50,Female,North,10906,46,Basic,52,No,4627.96,2025-07-26
CUST0236,18,Female,South,13041,64,Premium,58,No,4119.59,2025-04-22
CUST0237,36,Female,West,2775,91,Premium,32,Yes,2853.13,2025-06-14
CUST0238,19,Female,West,14218,51,Standard,17,Yes,3389.89,2024-04-09
CUST0239,61,Male,West,8869,50,Basic,41,Yes,4638.91,2024-04-02
CUST0240,43,Male,North,4247,6,Basic,36,Yes,3133.92,2024-07-27
CUST0241,49,Male,South,9088,59,Premium,55,No,4141.55,2025-05-05
CUST0242,23,Male,West,2078,15,Standard,46,No,3475.17,2024-04-30
CUST0243,49,Female,North,10080,30,Basic,19,Yes,2804.49,2023-11-05
CUST0244,21,Female,West,9099,42,Standard,58,Yes,1285.01,2025-07-18
CUST0245,28,Male,East,5926,37,Basic,35,Yes,2187.39,2025-01-08
CUST0246,34,Male,South,11047,42,Premium,46,No,4841.94,2024-07-16
CUST0247,55,Female,South,9340,35,Premium,40,Yes,3323.05,2025-04-11
CUST0248,41,Male,North,9083,87,Standard,56,No,2865.54,2024-07-28
CUST0249,22,Female,North,8230,6,Premium,59,Yes,4671.49,2023-08-31
CUST0250,69,Male,South,12340,68,Basic,28,Yes,2973.91,2024-07-28
CUST0251,51,Male,West,11223,18,Premium,1,Yes,2677.8,2024-11-11
CUST0252,23,Male,West,6940,73,Standard,42,No,3820.62,2024-10-27
CUST0253,39,Male,East,5271,29,Standard,18,No,3592.06,2025-04-12
CUST0254,28,Male,West,13768,77,Standard,48,No,1046.48,2024-05-19
CUST0255,65,Male,North,14374,59,Basic,40,Yes,2409.41,2024-06-03
CUST0256,33,Male,North,5456,47,Basic,33,No,2415.33,2023-10-03
CUST0257,50,Female,West,9788,17,Basic,12,No,1953.3,2025-03-08
CUST0258,26,Female,North,13698,96,Basic,8,Yes,2634.74,2024-09-24
CUST0259,23,Female,South,10599,22,Basic,24,Yes,2124.23,2024-06-22
CUST0260,33,Female,South,9650,68,Premium,16,No,1076.79,2025-08-22
CUST0261,46,Female,West,4711,69,Basic,50,No,2120.6,2024-10-24
CUST0262,20,Male,South,13280,37,Basic,4,No,454.16,2025-03-17
CUST0263,37,Male,South,3668,49,Premium,38,No,2921.35,2025-06-04
CUST0264,53,Female,East,2147,13,Basic,44,Yes,4282.91,2024-12-27
CUST0265,36,Male,East,8420,34,Standard,27,Yes,3653.91,2023-11-22
CUST0266,43,Female,South,14519,86,Basic,9,Yes,1865.93,2024-11-25
CUST0267,20,Female,West,14089,53,Basic,47,No,526.65,2025-06-03
CUST0268,36,Male,East,12142,87,Standard,16,No,1090.53,2024-09-17
CUST0269,37,Male,North,2365,51,Standard,56,Yes,2772.9,2024-02-07
CUST0270,49,Male,North,11866,3,Standard,12,Yes,1114.58,2024-09-18
CUST0271,24,Female,North,6531,42,Standard,31,No,2765.47,2024-08-06
CUST0272,69,Male,West,14686,98,Basic,24,No,1234.84,2025-04-19
CUST0273,58,Female,South,7330,32,Standard,55,Yes,4259.73,2025-06-11
CUST0274,50,Female,North,7510,51,Standard,14,Yes,2046.63,2024-01-28
CUST0275,57,Female,West,12738,85,Premium,45,Yes,1303.2,2024-06-18
CUST0276,56,Male,East,10754,46,Standard,25,No,4080.4,2024-02-21
CUST0277,35,Male,South,13754,21,Standard,34,No,1779.91,2025-04-01
CUST0278,57,Female,East,12681,44,Premium,3,No,646.29,2024-11-26
CUST0279,18,Male,West,10964,11,Premium,58,No,2895.01,2025-01-05
CUST0280,28,Male,North,8493,68,Basic,24,No,2949.66,2025-03-21
CUST0281,45,Male,North,12229,1,Premium,54,No,3602.01,2024-05-12
CUST0282,42,Female,West,13615,92,Basic,42,Yes,1277.08,2023-09-30
CUST0283,67,Female,North,12759,63,Premium,9,Yes,2274.48,2024-08-18
CUST0284,40,Male,South,7439,24,Premium,26,No,1483.6,2025-07-19
CUST0285,48,Female,West,11765,99,Basic,20,Yes,496.67,2024-02-27
CUST0286,47,Male,East,13886,13,Premium,40,No,4395.41,2024-05-26
CUST0287,59,Male,West,8511,98,Basic,10,Yes,3671.46,2025-05-21
CUST0288,52,Male,South,13483,11,Premium,19,No,1577.17,2025-03-12
CUST0289,24,Male,South,9504,51,Standard,3,Yes,3036.93,2024-03-22
CUST0290,33,Female,West,3246,17,Premium,24,Yes,1086.19,2024-03-26
CUST0291,43,Female,West,13911,99,Basic,5,No,4462.16,2024-11-30
CUST0292,65,Female,North,5839,82,Premium,3,No,663.04,2025-03-05
CUST0293,69,Male,South,10551,86,Basic,58,Yes,118.8,2024-03-26
CUST0294,66,Male,West,4376,24,Basic,27,Yes,2559.84,2024-12-19
CUST0295,19,Male,West,5009,19,Standard,16,No,2957.33,2025-07-30
CUST0296,18,Female,South,13185,37,Standard,49,Yes,2936.93,2024-01-02
CUST0297,65,Male,West,11154,85,Basic,15,No,367.11,2024-03-13
CUST0298,29,Female,North,13824,8,Premium,35,No,1638.81,2024-10-19
CUST0299,22,Female,South,3827,28,Basic,12,Yes,2546.07,2024-03-17
CUST0300,54,Female,North,8979,5,Basic,41,No,1161.24,2023-11-07
CUST0301,49,Female,North,11805,17,Premium,53,Yes,4375.87,2024-02-02
CUST0302,26,Female,North,11832,36,Premium,44,Yes,526.84,2024-03-21
CUST0303,58,Female,North,12408,19,Premium,26,No,2488.18,2023-11-21
CUST0304,52,Male,South,14504,64,Premium,47,Yes,3487.94,2024-09-11
CUST0305,36,Male,North,10569,91,Basic,34,No,1382.58,2024-11-22
CUST0306,65,Female,North,14406,98,Basic,23,No,3158.78,2024-11-13
CUST0307,33,Female,West,6285,11,Standard,31,No,4163.99,2024-11-23
CUST0308,20,Male,South,8910,54,Basic,50,Yes,1032.65,2024-04-05
CUST0309,37,Female,South,10561,45,Premium,20,No,4594.38,2024-10-23
CUST0310,41,Female,East,4196,47,Standard,12,Yes,2812.44,2024-05-31
CUST0311,50,Male,South,5747,12,Premium,23,No,1566.24,2024-04-29
CUST0312,41,Female,South,10843,21,Basic,4,No,2211.21,2024-03-12
CUST0313,69,Female,East,7978,11,Standard,23,No,1629.74,2025-04-06
CUST0314,28,Female,South,7607,92,Premium,48,Yes,3653.04,2023-12-07
CUST0315,66,Male,South,2769,5,Standard,55,Yes,4001.87,2024-04-15
CUST0316,25,Male,South,12613,81,Standard,48,No,4181.39,2025-03-17
CUST0317,53,Male,South,2780,56,Basic,1,No,4930.26,2025-01-27
CUST0318,55,Female,East,11908,20,Premium,54,Yes,3977.29,2023-11-11
CUST0319,57,Female,South,8303,41,Standard,25,Yes,3046.78,2024-03-13
CUST0320,37,Male,South,5983,46,Standard,2,Yes,1762.18,2024-10-18
CUST0321,52,Female,East,11503,12,Premium,30,No,2768.52,2024-09-27
CUST0322,65,Female,West,13551,70,Standard,3,Yes,301.23,2024-03-25
CUST0323,42,Female,North,10714,17,Standard,58,No,3749.64,2024-11-14
CUST0324,52,Female,West,2521,19,Standard,21,Yes,2285.18,2024-08-08
CUST0325,42,Female,East,12512,26,Premium,25,No,198.11,2023-12-31
CUST0326,46,Male,North,11127,48,Premium,20,No,406.28,2025-02-27
CUST0327,35,Female,East,9569,52,Premium,49,No,1998.59,2024-06-02
CUST0328,63,Male,East,12422,96,Premium,52,Yes,2958.77,2025-07-23
CUST0329,35,Female,South,14232,70,Basic,22,Yes,2374.6,2025-05-20
CUST0330,19,Male,North,7784,55,Standard,21,Yes,3134.1,2024-08-18
CUST0331,52,Female,South,6583,75,Premium,33,No,2453.44,2024-06-03
CUST0332,33,Male,North,7946,33,Standard,52,No,3342.35,2023-09-16
CUST0333,58,Female,East,6941,62,Standard,38,Yes,1173.72,2024-05-25
CUST0334,53,Male,East,8267,88,Basic,15,No,652.93,2025-08-10
CUST0335,50,Female,West,9128,23,Premium,58,No,3022.53,2025-04-02
CUST0336,21,Male,North,13889,15,Premium,58,No,2474.98,2023-09-23
CUST0337,50,Female,South,13029,27,Standard,46,Yes,231.65,2025-04-14
CUST0338,31,Male,West,14275,75,Premium,52,No,1964.36,2025-08-27
CUST0339,38,Male,West,4461,64,Standard,15,Yes,620.02,2023-11-18
CUST0340,65,Female,West,13435,81,Standard,46,Yes,2703.65,2025-04-04
CUST0341,37,Female,South,13551,51,Basic,25,Yes,2039.31,2025-08-08
CUST0342,25,Male,West,2685,53,Basic,21,Yes,3104.44,2024-05-10
CUST0343,24,Female,South,4160,78,Basic,24,Yes,4047.45,2024-12-01
CUST0344,20,Male,West,9031,91,Standard,57,No,1568.38,2024-06-08
CUST0345,34,Male,South,14180,82,Premium,58,Yes,4814.3,2023-11-09
CUST0346,50,Male,East,14258,92,Basic,5,Yes,2724.61,2023-12-27
CUST0347,65,Female,East,11759,51,Premium,6,Yes,3129.62,2025-01-24
CUST0348,29,Male,East,7341,47,Basic,49,No,3435.29,2025-01-05
CUST0349,68,Male,East,2038,4,Basic,43,No,3366.98,2024-05-14
CUST0350,39,Female,East,12736,7,Standard,48,No,2603.76,2023-10-21
CUST0351,39,Female,West,6875,35,Basic,44,No,2200.95,2024-08-23
CUST0352,63,Female,West,3256,48,Basic,47,Yes,363.53,2025-05-01
CUST0353,47,Female,West,13182,73,Standard,23,Yes,208.22,2024-04-01
CUST0354,55,Male,South,9697,72,Premium,4,No,1854.01,2024-10-09
CUST0355,55,Male,South,4196,45,Basic,27,No,1734.94,2025-03-19
CUST0356,62,Male,South,13660,81,Standard,18,No,1999.71,2023-11-27
CUST0357,68,Male,South,9165,81,Basic,21,No,778.0,2025-04-30
CUST0358,25,Female,East,12900,97,Standard,28,Yes,3717.02,2023-09-27
CUST0359,44,Male,East,2301,96,Premium,35,No,4299.13,2024-01-17
CUST0360,44,Male,East,9527,72,Premium,22,No,4699.7,2025-04-29
CUST0361,51,Female,North,8381,19,Standard,40,No,2512.58,2024-07-10
CUST0362,38,Male,West,2646,63,Standard,23,No,3534.24,2024-05-29
CUST0363,47,Male,South,14950,38,Standard,3,No,4292.2,2025-04-24
CUST0364,50,Male,South,11951,67,Premium,40,No,2149.63,2024-06-23
CUST0365,45,Male,East,14543,59,Basic,50,No,1616.12,2025-07-13
CUST0366,64,Male,South,10789,69,Premium,10,Yes,4689.95,2025-08-03
CUST0367,50,Male,South,10853,13,Standard,25,Yes,2626.82,2024-08-21
CUST0368,22,Female,West,6330,47,Standard,52,Yes,2536.54,2023-09-07
CUST0369,65,Female,East,11560,61,Premium,49,Yes,974.24,2025-01-13
CUST0370,36,Male,West,12773,31,Standard,8,Yes,629.96,2024-07-07
CUST0371,21,Male,North,9003,80,Premium,55,Yes,4226.32,2025-07-11
CUST0372,52,Female,North,14060,96,Standard,11,No,3109.25,2024-12-05
CUST0373,66,Male,North,5537,22,Basic,5,No,1696.54,2024-02-28
CUST0374,34,Male,East,14500,93,Basic,58,Yes,1039.51,2024-01-24
CUST0375,61,Male,South,6558,86,Standard,45,No,2821.94,2024-01-24
CUST0376,45,Female,East,8579,43,Premium,53,Yes,2961.2,2024-05-09
CUST0377,47,Male,East,10474,67,Basic,55,No,1114.27,2025-05-20
CUST0378,46,Female,South,13870,54,Premium,37,No,4271.89,2023-11-16
CUST0379,63,Male,West,11678,10,Standard,56,No,512.9,2024-10-11
CUST0380,23,Female,North,6082,42,Premium,59,No,1844.86,2024-04-06
CUST0381,52,Female,West,6183,64,Basic,45,No,3433.88,2024-08-12
CUST0382,58,Male,North,10652,21,Premium,38,No,1443.19,2024-03-12
CUST0383,54,Female,East,12517,80,Premium,29,Yes,4155.61,2023-09-10
CUST0384,41,Male,North,5754,76,Standard,5,Yes,3725.35,2025-02-18
CUST0385,46,Female,East,12660,66,Standard,9,No,3966.21,2024-05-13
CUST0386,66,Male,West,3724,41,Standard,59,Yes,683.62,2025-07-16
CUST0387,63,Male,East,3376,24,Basic,48,No,788.68,2024-07-30
CUST0388,48,Female,West,12935,35,Basic,2,Yes,1503.72,2024-05-18
CUST0389,52,Male,South,10706,56,Standard,1,No,2638.58,2024-01-10
CUST0390,50,Male,South,10894,30,Standard,40,Yes,3765.28,2023-09-24
CUST0391,69,Female,South,3653,57,Basic,51,No,4199.0,2024-06-18
CUST0392,38,Male,East,4066,94,Basic,30,Yes,3551.24,2025-04-29
CUST0393,49,Male,South,2022,47,Basic,11,No,4650.12,2024-01-19
CUST0394,40,Female,North,4460,35,Basic,28,Yes,3719.84,2024-08-31
CUST0395,50,Female,West,7926,19,Standard,44,No,1600.71,2024-07-15
CUST0396,20,Male,West,8251,8,Basic,12,No,1398.9,2024-11-08
CUST0397,35,Male,North,11496,26,Standard,39,No,3511.34,2024-05-31
CUST0398,42,Female,East,9295,71,Premium,26,Yes,1045.07,2023-10-19
CUST0399,59,Female,East,5300,30,Premium,13,Yes,554.3,2024-11-15
CUST0400,48,Male,West,8279,7,Basic,59,Yes,2707.89,2023-10-13
CUST0401,20,Female,South,10553,67,Premium,8,No,4126.04,2023-12-19
CUST0402,57,Male,East,9353,65,Premium,54,Yes,596.76,2023-12-17
CUST0403,63,Male,East,5727,36,Premium,28,No,3980.27,2024-07-11
CUST0404,41,Male,North,8272,25,Basic,58,Yes,4076.7,2025-01-03
CUST0405,67,Male,North,7995,37,Basic,30,Yes,2463.14,2025-01-27
CUST0406,49,Male,South,11476,1,Premium,9,Yes,380.82,2025-03-26
CUST0407,64,Female,East,2514,15,Standard,39,Yes,955.49,2025-01-03
CUST0408,39,Female,East,2448,37,Premium,31,No,3566.39,2024-10-31
CUST0409,40,Female,North,8019,13,Basic,58,Yes,3587.71,2024-10-12
CUST0410,19,Female,East,7343,8,Basic,21,Yes,4501.94,2024-04-02
CUST0411,44,Male,West,12047,5,Basic,56,No,2955.16,2023-11-17
CUST0412,59,Male,North,10033,60,Premium,47,No,708.13,2024-07-11
CUST0413,19,Male,South,13754,73,Standard,34,Yes,694.93,2025-02-11
CUST0414,43,Male,North,4520,1,Basic,55,Yes,3633.55,2025-06-19
CUST0415,34,Female,East,5081,36,Basic,31,No,1000.54,2025-08-02
CUST0416,57,Male,South,3428,35,Premium,52,No,1709.09,2023-11-07
CUST0417,50,Male,North,5967,66,Standard,25,No,2487.34,2024-02-17
CUST0418,26,Female,West,8445,63,Premium,12,Yes,221.35,2025-08-27
CUST0419,60,Female,West,11114,23,Basic,1,Yes,1319.21,2025-03-24
CUST0420,65,Female,North,13329,9,Standard,55,Yes,2098.66,2024-11-18
CUST0421,56,Female,West,4159,34,Standard,22,No,1470.22,2023-11-11
CUST0422,46,Male,West,7132,46,Basic,40,No,768.21,2025-01-15
CUST0423,59,Male,West,4547,78,Standard,37,No,3667.26,2024-09-10
CUST0424,43,Female,South,4979,4,Standard,47,Yes,4084.42,2024-05-15
CUST0425,52,Male,West,12473,30,Premium,1,No,1361.65,2025-06-05
CUST0426,67,Male,West,4649,95,Basic,1,Yes,3894.66,2025-01-05
CUST0427,42,Male,West,10505,75,Basic,57,No,1989.21,2025-02-19
CUST0428,41,Female,South,12805,99,Basic,42,Yes,2582.76,2024-08-30
CUST0429,30,Male,North,5083,72,Basic,54,Yes,4294.41,2024-07-02
CUST0430,24,Female,East,12448,3,Basic,42,No,3774.77,2024-10-05
CUST0431,53,Male,West,3037,14,Standard,21,Yes,4045.07,2024-06-24
CUST0432,62,Male,North,5489,60,Premium,15,No,770.54,2024-11-18
CUST0433,37,Male,West,9604,77,Basic,17,Yes,441.63,2025-07-06
CUST0434,18,Female,South,9544,45,Premium,22,No,4477.68,2024-01-04
CUST0435,25,Male,North,4634,96,Premium,38,No,2000.39,2023-10-27
CUST0436,63,Female,South,5983,34,Standard,35,Yes,1510.61,2024-12-22
CUST0437,33,Female,West,3778,45,Basic,45,No,3651.01,2025-07-25
CUST0438,31,Female,West,9902,61,Standard,16,Yes,4198.44,2023-12-28
CUST0439,29,Male,South,7110,83,Basic,8,No,4326.2,2023-09-02
CUST0440,68,Male,East,7189,16,Standard,47,No,1648.39,2024-10-03
CUST0441,40,Male,South,14087,66,Premium,17,No,4275.84,2024-10-14
CUST0442,32,Male,West,9378,40,Basic,17,No,300.58,2023-11-10
CUST0443,45,Female,South,3124,17,Premium,54,Yes,343.34,2024-06-24
CUST0444,51,Female,East,2697,34,Premium,26,No,3155.24,2024-09-01
CUST0445,19,Female,South,4179,16,Standard,13,No,409.22,2024-02-05
CUST0446,49,Male,East,11596,60,Basic,17,Yes,1690.58,2024-10-24
CUST0447,40,Female,East,7251,66,Premium,38,Yes,3396.5,2025-02-10
CUST0448,39,Male,South,11235,66,Standard,17,Yes,1752.61,2024-12-13
CUST0449,68,Female,South,3929,90,Basic,48,Yes,980.04,2025-07-20
CUST0450,42,Male,North,3013,13,Basic,14,Yes,1478.62,2024-03-13
CUST0451,39,Male,West,2226,56,Premium,45,Yes,2342.12,2025-01-18
CUST0452,39,Female,East,9321,31,Basic,6,No,2429.39,2025-04-15
CUST0453,66,Female,North,3828,34,Premium,35,Yes,3936.7,2024-04-02
CUST0454,69,Female,South,9909,39,Basic,46,No,3775.75,2024-04-10
CUST0455,59,Female,West,7588,67,Standard,14,Yes,2338.41,2024-10-24
CUST0456,23,Male,North,4023,8,Premium,47,No,4243.77,2023-12-25
CUST0457,32,Female,East,6966,87,Premium,8,No,659.76,2024-06-30
CUST0458,60,Female,North,12644,78,Basic,15,No,1351.23,2025-02-11
CUST0459,54,Female,East,12277,55,Basic,54,Yes,4157.08,2025-08-03
CUST0460,50,Male,South,7891,27,Premium,27,Yes,1952.17,2024-02-15
CUST0461,25,Male,West,14475,93,Basic,13,Yes,4907.79,2023-10-24
CUST0462,61,Female,West,3080,53,Standard,49,Yes,2384.64,2025-05-26
CUST0463,61,Male,West,7036,39,Basic,31,No,3980.48,2024-01-12
CUST0464,22,Female,South,12512,65,Standard,53,Yes,2071.3,2024-10-28
CUST0465,56,Male,East,13382,17,Standard,56,No,2182.27,2024-02-12
CUST0466,21,Male,South,12822,30,Standard,35,No,1976.13,2025-08-11
CUST0467,23,Male,West,4563,53,Standard,6,Yes,3623.47,2023-11-24
CUST0468,62,Male,South,5292,13,Standard,5,Yes,2782.84,2024-12-31
CUST0469,49,Female,South,14813,21,Basic,22,Yes,4724.51,2023-12-29
CUST0470,69,Female,South,5586,19,Standard,58,No,1329.36,2023-09-02
CUST0471,47,Female,East,6431,53,Basic,49,Yes,592.76,2025-08-17
CUST0472,64,Male,North,8841,19,Standard,23,No,2026.98,2025-03-26
CUST0473,52,Female,North,8643,57,Premium,25,Yes,3121.89,2024-08-27
CUST0474,57,Female,South,13139,25,Standard,34,No,4317.91,2023-10-24
CUST0475,69,Female,North,5959,86,Premium,26,Yes,1796.36,2024-06-25
CUST0476,33,Male,North,13005,31,Standard,47,Yes,3303.56,2024-11-24
CUST0477,30,Male,South,12775,81,Standard,5,No,1815.97,2024-05-06
CUST0478,67,Male,South,2161,55,Standard,26,Yes,3124.38,2024-05-01
CUST0479,59,Female,West,2593,23,Premium,20,Yes,4435.56,2023-08-30
CUST0480,47,Female,North,13451,32,Premium,6,Yes,1233.65,2024-10-17
CUST0481,36,Female,East,14347,62,Standard,6,Yes,2080.78,2025-02-12
CUST0482,34,Male,South,13154,74,Basic,59,Yes,4967.0,2024-05-11
CUST0483,36,Male,West,14080,10,Standard,50,Yes,4355.93,2024-05-05
CUST0484,45,Female,East,5390,72,Premium,18,Yes,2866.74,2023-09-08
CUST0485,43,Male,North,7997,54,Standard,4,No,2631.48,2023-11-08
CUST0486,54,Male,West,8354,52,Premium,17,No,1494.54,2025-06-03
CUST0487,43,Male,South,14693,20,Premium,57,Yes,2634.33,2024-09-01
CUST0488,40,Male,East,2663,32,Premium,14,Yes,4256.09,2025-02-11
CUST0489,26,Female,South,11324,14,Standard,14,Yes,3457.36,2023-12-02
CUST0490,29,Male,North,2541,50,Premium,13,No,1521.22,2024-08-12
CUST0491,18,Male,East,7433,28,Premium,7,No,1087.17,2024-04-20
CUST0492,18,Male,North,7093,53,Standard,44,Yes,1399.52,2024-01-15
CUST0493,64,Male,North,13166,24,Premium,55,No,931.82,2025-01-06
CUST0494,51,Female,West,2867,79,Standard,15,Yes,568.64,2025-08-06
CUST0495,49,Female,South,12258,22,Premium,19,Yes,2153.77,2024-12-05
CUST0496,65,Male,East,10623,30,Basic,43,Yes,655.17,2024-06-07
CUST0497,42,Male,North,7469,63,Basic,47,Yes,942.37,2025-01-23
CUST0498,57,Male,North,14470,4,Premium,44,No,2781.89,2024-09-26
CUST0499,62,Male,East,8256,77,Basic,35,No,906.54,2024-11-19
CUST0500,18,Male,North,11398,59,Standard,17,Yes,413.01,2024-06-01
CUST0501,33,Male,West,12720,87,Basic,35,No,1655.21,2025-03-11
CUST0502,56,Female,West,3169,8,Premium,19,No,1179.56,2025-07-01
CUST0503,22,Male,West,2830,82,Premium,20,Yes,2625.0,2025-01-31
CUST0504,39,Female,West,3651,12,Standard,36,No,601.6,2024-08-21
CUST0505,46,Female,North,3136,31,Premium,35,Yes,3783.68,2023-10-15
CUST0506,20,Male,East,4810,78,Standard,32,Yes,4540.54,2025-05-21
CUST0507,29,Female,East,10667,34,Basic,58,Yes,3742.83,2024-08-14
CUST0508,43,Female,East,13002,82,Basic,48,Yes,2710.85,2024-08-22
CUST0509,33,Female,East,11518,98,Standard,44,No,4317.27,2025-04-30
CUST0510,68,Female,South,3019,75,Standard,40,Yes,3505.1,2024-06-17
CUST0511,54,Female,East,7237,76,Premium,24,No,151.7,2024-04-02
CUST0512,39,Female,South,12028,49,Basic,17,Yes,2031.04,2024-04-03
CUST0513,46,Male,South,14448,79,Standard,7,Yes,4269.66,2024-06-27
CUST0514,31,Female,West,12640,57,Basic,43,No,1794.71,2024-10-20
CUST0515,45,Female,South,14485,95,Standard,50,Yes,272.55,2025-07-29
CUST0516,22,Female,North,3283,93,Basic,1,No,3756.28,2025-02-25
CUST0517,64,Male,South,2659,26,Premium,35,No,4029.99,2024-09-23
CUST0518,66,Female,West,4010,18,Basic,32,Yes,886.91,2024-04-26
CUST0519,47,Male,South,10590,96,Basic,36,Yes,2732.97,2024-05-16
CUST0520,63,Female,North,3733,86,Basic,13,Yes,1040.58,2024-07-04
CUST0521,69,Male,North,4125,38,Basic,6,Yes,3624.25,2024-03-24
CUST0522,22,Male,North,4171,81,Basic,58,Yes,1430.6,2023-11-06
CUST0523,29,Female,West,10266,87,Premium,14,Yes,1649.45,2025-01-04
CUST0524,33,Female,West,14889,88,Standard,37,No,4240.36,2023-09-04
CUST0525,43,Male,East,5471,50,Basic,48,No,2433.98,2024-08-29
CUST0526,43,Female,West,11028,8,Premium,15,Yes,3381.8,2024-05-18
CUST0527,65,Male,North,7624,41,Basic,47,No,2071.63,2024-08-21
CUST0528,38,Male,North,10691,6,Basic,4,No,1560.23,2024-02-26
CUST0529,56,Male,West,10329,69,Standard,40,Yes,3164.84,2025-07-01
CUST0530,53,Male,South,4097,44,Basic,59,Yes,858.8,2025-08-12
CUST0531,50,Male,West,7068,64,Premium,16,No,1927.7,2024-04-12
CUST0532,47,Female,West,13888,29,Premium,28,Yes,1124.28,2025-04-14
CUST0533,54,Male,North,12077,28,Standard,16,No,3509.4,2025-06-05
CUST0534,40,Male,East,8397,11,Basic,4,Yes,4726.62,2024-08-22
CUST0535,27,Female,North,4757,65,Premium,45,No,4978.0,2024-04-05
CUST0536,22,Male,East,5920,19,Basic,26,No,2306.36,2025-02-10
CUST0537,53,Female,North,10186,9,Basic,28,No,1337.4,2024-03-15
CUST0538,51,Female,West,3900,27,Basic,32,No,2269.86,2024-10-23
CUST0539,69,Female,North,4610,34,Standard,45,Yes,4251.62,2025-07-10
CUST0540,48,Male,North,8900,44,Basic,2,Yes,1109.43,2025-01-05
CUST0541,27,Male,North,14178,68,Premium,31,No,4765.27,2025-04-25
CUST0542,36,Male,West,3449,82,Basic,3,No,1775.14,2024-02-17
CUST0543,49,Female,West,10738,15,Premium,54,Yes,4930.44,2025-01-11
CUST0544,18,Male,West,7017,51,Basic,8,Yes,4209.18,2024-06-14
CUST0545,22,Female,West,14868,13,Premium,24,No,4062.0,2025-08-04
CUST0546,62,Male,East,9999,83,Premium,15,No,1657.73,2025-01-19
CUST0547,21,Female,East,8052,49,Basic,43,No,143.01,2024-12-12
CUST0548,33,Male,South,12195,70,Basic,31,No,1972.45,2023-12-11
CUST0549,41,Male,West,4096,56,Premium,9,No,1578.87,2025-06-27
CUST0550,33,Male,East,10895,76,Standard,39,Yes,283.25,2024-01-19
CUST0551,19,Female,North,8404,51,Basic,45,No,2576.29,2025-02-11
CUST0552,66,Female,West,12595,37,Standard,2,Yes,2074.85,2025-08-16
CUST0553,45,Male,South,11817,17,Basic,8,Yes,3209.33,2024-10-25
CUST0554,49,Male,South,5331,58,Basic,7,Yes,3143.81,2024-03-08
CUST0555,44,Female,South,14925,87,Basic,56,No,691.66,2024-11-04
CUST0556,37,Female,North,9462,90,Basic,44,Yes,4887.13,2024-07-31
CUST0557,41,Female,East,7105,29,Standard,51,Yes,1015.96,2024-07-22
CUST0558,29,Male,North,4978,33,Basic,39,Yes,2281.84,2023-10-19
CUST0559,67,Female,West,14928,60,Premium,42,Yes,2491.78,2023-11-11
CUST0560,52,Male,South,4839,91,Premium,57,No,4084.01,2024-02-25
CUST0561,50,Female,North,5384,89,Standard,16,No,586.23,2025-03-20
CUST0562,50,Male,North,12851,55,Basic,35,Yes,2200.36,2025-04-18
CUST0563,68,Female,East,12053,10,Premium,30,Yes,3179.66,2025-03-28
CUST0564,60,Female,East,13048,47,Standard,10,No,1154.26,2025-05-21
CUST0565,54,Female,South,2685,23,Basic,38,No,3174.59,2024-08-03
CUST0566,29,Female,North,9531,85,Premium,18,No,4625.96,2024-12-20
CUST0567,20,Female,North,6283,21,Premium,50,Yes,4987.84,2024-05-08
CUST0568,18,Male,East,9736,13,Standard,5,No,259.01,2025-08-04
CUST0569,50,Female,North,9710,33,Basic,53,Yes,1254.38,2024-11-15
CUST0570,57,Female,North,3619,24,Basic,29,Yes,1620.5,2024-09-14
CUST0571,27,Female,North,14835,11,Premium,39,No,2055.72,2025-08-02
CUST0572,60,Male,East,8868,17,Premium,34,Yes,1287.06,2024-12-08
CUST0573,61,Female,South,3431,68,Premium,43,No,1097.09,2025-03-17
CUST0574,46,Male,West,11067,47,Basic,45,Yes,4777.31,2024-12-29
CUST0575,30,Female,South,6713,25,Standard,23,No,4600.76,2023-10-08
CUST0576,29,Female,West,12653,94,Standard,5,Yes,330.26,2023-08-30
CUST0577,48,Male,North,11557,73,Basic,30,Yes,1760.18,2025-03-08
CUST0578,63,Female,South,11435,21,Standard,6,No,2085.23,2023-11-29
CUST0579,19,Male,West,6998,84,Premium,56,No,1271.17,2025-02-08
CUST0580,68,Male,East,2162,83,Standard,58,No,3181.48,2024-02-03
CUST0581,67,Female,East,3974,83,Standard,46,No,3237.87,2024-04-09
CUST0582,52,Male,South,5291,12,Standard,44,Yes,4267.47,2024-08-05
CUST0583,40,Female,South,10461,37,Premium,4,No,3730.26,2025-01-18
CUST0584,34,Female,North,2631,42,Basic,29,No,2758.61,2023-11-02
CUST0585,43,Male,South,2905,17,Premium,23,Yes,3302.58,2024-09-20
CUST0586,25,Male,North,13663,48,Basic,6,No,1442.55,2024-05-02
CUST0587,46,Male,North,13445,28,Basic,32,No,3005.98,2024-10-12
CUST0588,43,Male,East,4014,41,Basic,42,Yes,2497.21,2025-01-02
CUST0589,27,Female,East,11833,99,Standard,18,No,753.39,2023-09-15
CUST0590,43,Female,West,9896,47,Standard,15,No,1288.47,2023-10-10
CUST0591,51,Male,East,2204,18,Basic,40,No,1529.3,2023-10-08
CUST0592,68,Female,East,2581,78,Basic,58,No,4629.12,2025-01-24
CUST0593,58,Female,South,7675,99,Standard,32,No,1228.89,2024-08-01
CUST0594,24,Female,East,11032,71,Premium,9,No,1517.3,2024-08-26
CUST0595,21,Female,West,7347,13,Basic,37,Yes,1909.84,2025-01-26
CUST0596,67,Male,South,11911,82,Premium,10,No,3352.34,2024-02-22
CUST0597,62,Male,West,4643,13,Standard,20,Yes,679.37,2024-04-23
CUST0598,28,Female,East,10017,31,Basic,6,Yes,4774.33,2025-03-18
CUST0599,46,Male,West,4297,2,Premium,48,Yes,4341.3,2024-10-15
CUST0600,53,Male,South,2874,16,Premium,56,Yes,2928.36,2024-02-19
CUST0601,42,Male,North,7560,9,Premium,59,No,3402.79,2024-08-11
CUST0602,38,Female,West,2689,73,Standard,3,No,181.64,2024-11-30
CUST0603,53,Female,West,6000,38,Standard,42,No,1760.83,2024-08-31
CUST0604,27,Female,South,13333,75,Premium,11,Yes,3998.74,2024-02-19
CUST0605,54,Male,South,11614,54,Premium,43,No,479.67,2025-03-18
CUST0606,26,Female,West,2671,56,Standard,17,No,1483.34,2025-08-20
CUST0607,41,Female,East,9927,86,Premium,32,No,2967.95,2024-07-09
CUST0608,52,Male,West,3171,97,Premium,4,Yes,1356.42,2023-10-02
CUST0609,66,Female,South,7591,87,Standard,4,Yes,4676.49,2025-04-01
CUST0610,52,Female,North,13918,45,Premium,17,No,742.19,2024-09-05
CUST0611,65,Male,North,11135,34,Premium,41,Yes,4007.23,2024-01-18
CUST0612,53,Male,East,8342,9,Premium,19,Yes,2588.95,2024-12-07
CUST0613,35,Male,West,3449,88,Standard,5,No,3776.62,2025-03-31
CUST0614,66,Female,North,13929,8,Premium,32,Yes,1622.51,2024-11-12
CUST0615,56,Female,West,4539,7,Standard,22,Yes,2621.0,2025-04-02
CUST0616,49,Female,South,5959,36,Standard,56,No,4298.49,2025-02-16
CUST0617,41,Male,North,8285,18,Basic,6,Yes,2387.7,2024-09-22
CUST0618,40,Male,East,7432,3,Basic,35,Yes,1862.63,2025-07-10
CUST0619,49,Female,South,6260,28,Premium,22,Yes,2727.16,2024-03-04
CUST0620,54,Female,East,4361,70,Standard,1,Yes,3615.08,2024-09-04
CUST0621,29,Male,South,8164,44,Basic,20,Yes,2273.46,2023-09-21
CUST0622,66,Male,North,13844,21,Premium,22,Yes,4700.5,2024-01-20
CUST0623,30,Male,East,5670,28,Basic,48,Yes,1545.23,2024-03-16
CUST0624,40,Male,East,3753,54,Basic,55,Yes,2429.77,2025-05-02
CUST0625,42,Female,South,10100,54,Standard,11,No,3808.95,2023-09-18
CUST0626,52,Male,East,12544,65,Standard,13,No,3476.69,2025-02-26
CUST0627,58,Female,South,3938,21,Basic,59,No,4331.84,2024-12-24
CUST0628,47,Female,South,10562,99,Basic,42,No,4984.36,2025-02-03
CUST0629,34,Female,South,7976,13,Standard,3,Yes,2191.61,2023-10-15
CUST0630,66,Male,South,14671,57,Premium,9,No,644.64,2023-11-23
CUST0631,37,Male,North,12123,49,Standard,12,No,249.04,2024-11-27
CUST0632,65,Male,South,8588,54,Basic,23,Yes,3661.7,2024-07-20
CUST0633,42,Male,West,10616,10,Premium,14,Yes,4382.67,2023-10-18
CUST0634,39,Female,East,8304,53,Basic,33,Yes,1181.49,2024-06-02
CUST0635,30,Male,West,9345,44,Premium,18,Yes,876.4,2024-08-24
CUST0636,36,Male,North,14916,47,Basic,49,Yes,404.8,2024-07-20
CUST0637,66,Female,West,9875,53,Premium,59,No,4131.24,2023-09-17
CUST0638,53,Male,East,11086,74,Premium,41,Yes,1625.77,2025-07-24
CUST0639,29,Female,West,8633,46,Basic,9,No,2068.31,2025-05-28
CUST0640,58,Female,North,2597,13,Premium,23,No,2563.48,2025-05-16
CUST0641,36,Female,South,5062,37,Standard,10,Yes,4213.32,2024-12-27
CUST0642,29,Female,West,4336,24,Basic,19,No,3289.08,2023-12-02
CUST0643,26,Female,North,14880,2,Standard,47,No,3113.82,2025-02-23
CUST0644,24,Female,North,11879,86,Basic,5,Yes,960.79,2025-08-02
CUST0645,45,Female,East,2572,81,Premium,47,No,2614.63,2024-12-14
CUST0646,31,Female,East,9521,14,Premium,52,No,3605.37,2023-10-27
CUST0647,48,Male,West,8171,10,Premium,23,No,4868.98,2024-08-16
CUST0648,69,Male,South,9097,35,Basic,30,Yes,1086.89,2023-10-02
CUST0649,36,Male,North,4090,25,Standard,25,Yes,146.76,2025-07-22
CUST0650,64,Male,West,8566,3,Standard,28,Yes,468.98,2025-05-19
CUST0651,33,Female,North,13861,17,Basic,34,No,1941.68,2024-08-30
CUST0652,22,Male,North,14464,12,Basic,45,Yes,4120.67,2025-03-16
CUST0653,52,Female,South,6624,54,Standard,56,No,135.0,2024-03-08
CUST0654,29,Male,South,3633,24,Standard,48,Yes,2337.98,2025-02-26
CUST0655,42,Male,West,3517,29,Standard,47,No,1713.23,2025-01-28
CUST0656,69,Male,South,14485,43,Standard,25,Yes,357.16,2023-12-19
CUST0657,38,Female,South,12849,25,Basic,10,Yes,2306.16,2023-09-23
CUST0658,53,Male,West,5648,60,Basic,14,No,1348.27,2025-08-10
CUST0659,40,Female,South,13780,90,Premium,42,Yes,1824.24,2025-06-09
CUST0660,33,Female,East,3537,65,Standard,57,No,3557.51,2024-09-29
CUST0661,56,Male,North,5137,84,Premium,46,Yes,2655.6,2025-04-16
CUST0662,62,Male,North,8985,28,Basic,58,Yes,710.77,2025-01-31
CUST0663,59,Male,North,2097,16,Basic,30,No,4810.93,2024-01-18
CUST0664,56,Female,North,13407,47,Premium,55,No,3215.96,2025-07-30
CUST0665,31,Male,West,14722,81,Standard,41,No,3852.76,2024-01-25
CUST0666,48,Female,North,14924,92,Standard,25,Yes,488.14,2024-04-03
CUST0667,22,Female,North,5750,58,Standard,14,No,330.59,2025-04-17
CUST0668,52,Male,North,13349,76,Standard,35,Yes,195.3,2024-10-15
CUST0669,40,Male,North,14875,27,Premium,52,No,1025.09,2025-05-14
CUST0670,46,Female,East,10535,53,Premium,48,No,2130.6,2025-05-18
CUST0671,60,Female,North,10174,42,Basic,34,No,4685.55,2024-05-05
CUST0672,28,Female,East,10103,59,Standard,10,No,2339.59,2024-09-05
CUST0673,35,Male,West,7413,47,Standard,35,No,1522.25,2024-03-08
CUST0674,64,Female,South,6666,94,Standard,11,No,2853.48,2024-04-09
CUST0675,29,Male,North,2610,34,Premium,11,Yes,648.48,2025-08-13
CUST0676,26,Female,South,3727,37,Standard,21,No,3086.58,2024-11-05
CUST0677,27,Female,South,12482,6,Premium,21,Yes,2885.32,2023-12-11
CUST0678,61,Male,West,3854,7,Standard,22,No,3980.77,2025-06-07
CUST0679,34,Female,South,12800,96,Standard,45,No,4934.77,2024-02-28
CUST0680,55,Male,East,7055,96,Basic,7,No,1329.28,2024-02-11
CUST0681,24,Male,South,12271,25,Standard,55,Yes,2597.32,2024-11-22
CUST0682,63,Female,South,4324,33,Standard,17,Yes,4553.44,2024-12-16
CUST0683,30,Male,South,14819,55,Basic,2,No,3947.43,2025-06-26
CUST0684,57,Male,North,11369,58,Premium,12,Yes,2488.29,2023-12-11
CUST0685,59,Female,North,11283,7,Premium,57,No,4732.32,2024-06-19
CUST0686,26,Male,East,7774,57,Standard,42,No,380.46,2024-01-30
CUST0687,67,Male,East,8519,12,Premium,18,Yes,4661.89,2025-01-08
CUST0688,44,Male,North,12983,16,Standard,54,Yes,347.49,2024-04-30
CUST0689,19,Female,East,3749,80,Basic,59,Yes,2781.79,2025-07-15
CUST0690,22,Male,North,12867,43,Basic,11,Yes,4463.16,2023-09-12
CUST0691,46,Female,West,2781,77,Standard,16,No,1387.33,2025-06-23
CUST0692,54,Female,South,9548,7,Basic,49,Yes,2414.02,2024-04-15
CUST0693,55,Male,South,13240,51,Basic,51,Yes,1689.21,2025-01-28
CUST0694,36,Male,East,8823,73,Standard,18,No,4765.51,2024-05-02
CUST0695,25,Male,North,4105,32,Standard,35,Yes,4135.86,2024-08-20
CUST0696,65,Female,North,5867,75,Basic,53,Yes,3574.11,2024-12-10
CUST0697,62,Male,East,9193,8,Premium,59,Yes,2979.37,2024-12-16
CUST0698,18,Male,North,6976,97,Premium,26,Yes,4120.9,2025-06-09
CUST0699,39,Male,West,14734,87,Standard,16,No,2022.11,2025-07-07
CUST0700,69,Male,South,4113,89,Standard,6,No,2293.0,2025-07-10
CUST0701,34,Male,East,7879,72,Premium,57,Yes,3677.01,2025-03-18
CUST0702,24,Female,East,5970,45,Basic,44,Yes,1853.0,2025-07-17
CUST0703,42,Female,North,12183,86,Premium,43,No,413.11,2024-10-31
CUST0704,62,Male,East,11259,59,Premium,47,Yes,464.24,2024-11-17
CUST0705,21,Male,West,9264,4,Premium,47,Yes,665.28,2023-09-07
CUST0706,53,Male,North,3577,67,Premium,48,Yes,4361.44,2024-02-22
CUST0707,23,Male,North,11203,29,Standard,42,Yes,2413.91,2024-12-09
CUST0708,48,Female,North,4274,29,Standard,12,Yes,3593.12,2025-07-16
CUST0709,36,Male,North,6869,98,Basic,13,Yes,2025.26,2024-02-18
CUST0710,61,Female,West,12006,98,Basic,4,Yes,1367.68,2025-04-08
CUST0711,56,Female,North,8744,28,Basic,39,Yes,1801.24,2024-07-07
CUST0712,44,Male,East,4426,77,Basic,54,Yes,3991.49,2024-01-22
CUST0713,27,Female,West,7546,79,Premium,2,No,3163.56,2024-03-27
CUST0714,43,Female,South,8852,87,Standard,26,No,4694.43,2025-08-20
CUST0715,36,Female,South,14594,44,Standard,59,No,3430.55,2025-08-27
CUST0716,56,Female,East,4551,90,Basic,27,Yes,2893.89,2025-04-02
CUST0717,20,Male,East,8411,4,Basic,27,Yes,3089.96,2025-07-01
CUST0718,62,Male,West,13849,90,Premium,15,No,4717.62,2025-05-22
CUST0719,30,Female,South,2007,9,Premium,8,Yes,3962.18,2023-10-29
CUST0720,67,Male,South,10087,5,Basic,7,No,217.8,2025-02-04
CUST0721,45,Male,South,4555,56,Standard,47,Yes,2717.28,2025-03-10
CUST0722,37,Male,South,2475,96,Standard,55,No,3472.86,2023-12-05
CUST0723,45,Male,South,7416,84,Standard,46,No,3768.62,2025-07-01
CUST0724,25,Male,North,12403,50,Basic,40,No,1144.4,2024-04-12
CUST0725,58,Female,East,10676,75,Standard,12,Yes,4349.17,2024-12-17
CUST0726,56,Male,North,9239,15,Premium,13,No,4783.63,2023-12-27
CUST0727,18,Male,South,8710,32,Premium,43,Yes,1259.9,2025-03-11
CUST0728,20,Male,West,7000,28,Basic,17,Yes,4424.82,2024-01-16
CUST0729,30,Male,West,6654,22,Premium,17,Yes,575.2,2023-12-07
CUST0730,45,Female,South,10078,17,Basic,56,Yes,372.96,2024-06-24
CUST0731,66,Female,South,8063,59,Standard,36,Yes,733.2,2025-07-01
CUST0732,42,Female,West,4285,90,Standard,21,Yes,382.93,2024-11-03
CUST0733,50,Female,North,7223,71,Standard,8,Yes,4240.56,2025-03-29
CUST0734,55,Male,North,8971,57,Premium,5,No,389.35,2023-10-11
CUST0735,23,Female,South,14755,26,Basic,26,No,1431.15,2023-10-06
CUST0736,61,Male,North,5525,25,Standard,16,No,608.41,2025-01-11
CUST0737,62,Male,West,13531,10,Basic,36,Yes,1547.57,2025-03-16
CUST0738,49,Male,North,4822,45,Standard,28,Yes,543.74,2024-02-02
CUST0739,62,Male,South,6943,83,Premium,54,Yes,3373.22,2024-11-12
CUST0740,64,Male,West,8530,11,Premium,29,Yes,753.3,2024-01-30
CUST0741,38,Female,North,13116,77,Basic,47,No,4274.05,2025-05-25
CUST0742,33,Female,East,2258,53,Premium,12,Yes,4104.24,2024-07-01
CUST0743,38,Female,West,2282,72,Premium,37,No,166.94,2024-07-29
CUST0744,28,Female,West,3898,68,Basic,30,Yes,4489.06,2024-03-27
CUST0745,54,Male,East,6135,95,Standard,23,No,241.83,2025-03-22
CUST0746,53,Female,East,8629,28,Premium,16,Yes,1274.26,2025-01-14
CUST0747,52,Male,West,13168,75,Basic,14,No,258.71,2023-11-27
CUST0748,36,Female,East,12459,65,Premium,10,Yes,1745.63,2024-09-21
CUST0749,37,Male,South,5200,49,Premium,7,No,2617.95,2024-07-21
CUST0750,35,Male,South,7110,47,Premium,45,Yes,4003.56,2024-04-12
CUST0751,64,Female,South,9167,52,Premium,52,No,1756.11,2024-11-01
CUST0752,58,Male,West,2612,88,Basic,37,No,3556.9,2024-04-11
CUST0753,66,Male,East,2687,54,Basic,29,Yes,1018.77,2024-10-14
CUST0754,31,Female,East,5690,60,Basic,3,No,3777.93,2024-08-14
CUST0755,32,Male,North,10804,57,Premium,15,Yes,1256.38,2024-01-07
CUST0756,48,Female,North,4307,47,Premium,36,Yes,803.37,2024-11-04
CUST0757,18,Female,East,9133,31,Premium,47,Yes,1008.5,2024-05-19
CUST0758,20,Female,East,13205,46,Basic,46,No,992.11,2023-10-22
CUST0759,33,Male,East,8509,26,Premium,52,No,2613.03,2025-06-08
CUST0760,40,Male,West,11973,5,Standard,19,Yes,4239.51,2023-10-15
CUST0761,28,Male,East,7906,84,Premium,13,Yes,490.06,2024-06-18
CUST0762,29,Female,North,4591,52,Standard,42,No,3564.09,2024-10-01
CUST0763,27,Male,West,12888,75,Premium,21,No,3306.3,2024-06-06
CUST0764,49,Female,East,14150,54,Basic,37,No,4375.35,2024-04-05
CUST0765,33,Female,North,9183,33,Premium,27,Yes,1296.32,2023-09-11
CUST0766,25,Male,West,7248,50,Standard,55,Yes,2305.54,2024-04-29
CUST0767,55,Female,East,10766,38,Standard,52,Yes,4636.55,2025-04-04
CUST0768,29,Male,East,12102,27,Premium,29,Yes,3333.97,2025-02-23
CUST0769,41,Male,East,7108,98,Standard,20,Yes,2004.97,2024-01-24
CUST0770,45,Male,West,5604,15,Standard,25,No,743.92,2025-06-14
CUST0771,25,Male,North,2669,96,Basic,6,Yes,1386.18,2024-07-13
CUST0772,45,Male,North,6364,61,Premium,36,No,2947.96,2024-05-23
CUST0773,53,Female,South,9329,21,Premium,2,No,3619.02,2024-11-19
CUST0774,43,Female,East,3283,46,Premium,22,Yes,709.67,2023-10-07
CUST0775,25,Female,South,2923,69,Standard,32,No,3038.03,2025-06-19
CUST0776,67,Male,South,3125,6,Premium,16,Yes,2796.72,2025-07-31
CUST0777,45,Male,North,3529,38,Premium,18,No,2618.38,2024-10-25
CUST0778,45,Male,West,11786,62,Basic,5,Yes,3481.6,2025-02-21
CUST0779,54,Female,West,10438,86,Basic,54,Yes,4203.5,2025-04-27
CUST0780,58,Male,North,5711,62,Basic,36,No,1682.65,2024-03-17
CUST0781,53,Female,West,10004,82,Standard,30,Yes,4456.16,2024-04-03
CUST0782,44,Female,South,11752,78,Premium,45,No,887.1,2024-01-10
CUST0783,34,Male,East,8274,74,Basic,19,Yes,947.82,2024-01-08
CUST0784,26,Male,North,12592,46,Basic,23,Yes,1407.18,2023-12-09
CUST0785,50,Female,East,12435,13,Basic,34,Yes,685.7,2024-10-16
CUST0786,37,Male,West,5864,95,Premium,13,No,1228.56,2024-02-04
CUST0787,30,Female,East,12131,94,Premium,43,No,621.42,2023-09-26
CUST0788,45,Male,West,9833,3,Premium,54,Yes,4126.59,2024-08-02
CUST0789,65,Male,West,13261,94,Standard,29,No,780.95,2025-08-02
CUST0790,46,Female,South,8788,6,Standard,36,Yes,3761.76,2025-07-06
CUST0791,30,Male,West,2226,93,Basic,22,No,334.78,2024-05-07
CUST0792,63,Female,South,13739,8,Premium,52,No,4747.75,2023-10-02
CUST0793,52,Male,South,2264,44,Basic,52,Yes,3584.68,2024-06-29
CUST0794,23,Female,South,11587,33,Premium,47,Yes,133.3,2023-11-10
CUST0795,35,Female,North,13749,81,Premium,36,Yes,3842.9,2024-09-24
CUST0796,68,Male,North,2645,75,Premium,9,Yes,2619.0,2025-03-06
CUST0797,22,Female,West,9544,77,Standard,39,Yes,3918.89,2025-02-02
CUST0798,64,Male,South,7569,50,Standard,51,No,2660.23,2024-05-17
CUST0799,42,Male,North,4990,11,Premium,19,No,3241.02,2024-08-11
CUST0800,19,Male,South,12091,95,Basic,38,Yes,3953.03,2024-04-28
CUST0801,27,Female,East,4504,28,Premium,6,Yes,2085.03,2025-07-07
CUST0802,47,Female,East,12964,70,Premium,52,Yes,113.27,2023-11-23
CUST0803,67,Male,East,11346,41,Basic,47,No,4264.74,2025-06-01
CUST0804,62,Male,West,2587,16,Premium,15,Yes,1966.36,2023-10-12
CUST0805,22,Female,South,14763,68,Basic,57,Yes,2530.61,2025-01-10
CUST0806,50,Male,East,12013,99,Standard,20,No,138.06,2024-07-01
CUST0807,18,Male,North,11177,48,Standard,9,No,2511.25,2024-03-17
CUST0808,35,Female,East,6079,56,Basic,32,No,4933.79,2023-09-22
CUST0809,49,Male,East,5348,64,Standard,4,No,1463.51,2023-12-28
CUST0810,64,Female,East,8299,59,Standard,50,Yes,2037.55,2024-02-24
CUST0811,66,Male,West,5831,90,Basic,18,No,3467.23,2024-02-17
CUST0812,28,Female,North,11433,62,Standard,5,No,4092.49,2024-06-26
CUST0813,38,Male,South,10381,76,Premium,20,Yes,2145.22,2025-07-11
CUST0814,43,Male,North,11172,11,Premium,23,Yes,1617.38,2024-10-14
CUST0815,42,Female,South,11890,89,Basic,11,Yes,4695.35,2024-05-27
CUST0816,39,Male,West,3715,18,Standard,37,No,3418.01,2024-09-16
CUST0817,44,Female,West,12785,19,Premium,22,Yes,683.2,2025-02-10
CUST0818,66,Male,West,14328,87,Premium,58,No,437.75,2025-04-06
CUST0819,30,Female,West,8450,55,Standard,4,No,2469.39,2023-09-12
CUST0820,50,Female,South,14625,82,Standard,29,No,1178.44,2023-08-29
CUST0821,51,Female,East,7433,26,Premium,44,Yes,1344.53,2025-02-28
CUST0822,58,Female,South,3098,6,Premium,34,No,4400.69,2024-10-17
CUST0823,52,Male,North,9096,4,Basic,13,Yes,538.87,2025-04-18
CUST0824,18,Male,West,4326,29,Basic,42,Yes,3605.28,2024-03-12
CUST0825,38,Female,West,13439,59,Premium,9,Yes,1428.6,2025-07-20
CUST0826,65,Female,North,11087,98,Basic,42,No,3825.61,2023-09-30
CUST0827,23,Female,South,8416,17,Premium,31,No,3639.82,2025-06-25
CUST0828,45,Male,East,8980,43,Premium,7,No,136.22,2025-06-27
CUST0829,34,Male,East,8763,80,Basic,4,Yes,2594.76,2024-07-20
CUST0830,22,Male,North,3674,66,Basic,19,No,782.67,2024-05-20
CUST0831,48,Male,East,13101,34,Standard,42,No,4344.51,2023-10-04
CUST0832,22,Female,South,9950,8,Standard,30,No,4370.77,2023-10-29
CUST0833,55,Female,South,11122,13,Standard,31,No,2149.89,2024-02-08
CUST0834,20,Female,North,14576,8,Premium,35,No,2277.54,2024-03-08
CUST0835,40,Male,South,10915,94,Basic,57,Yes,1586.09,2023-09-01
CUST0836,54,Male,West,13132,96,Premium,21,Yes,3611.37,2025-08-12
CUST0837,54,Male,North,8049,94,Basic,31,Yes,1857.44,2023-12-17
CUST0838,27,Female,South,3089,65,Premium,19,Yes,1412.18,2023-10-03
CUST0839,27,Female,North,6578,43,Standard,31,No,2217.93,2024-10-11
CUST0840,36,Male,East,11127,39,Standard,53,Yes,548.29,2025-07-02
CUST0841,34,Female,South,12487,81,Standard,32,No,3758.36,2024-08-16
CUST0842,38,Male,West,2155,59,Premium,2,Yes,161.72,2025-02-20
CUST0843,31,Male,South,11262,84,Basic,59,Yes,3257.98,2024-09-06
CUST0844,26,Female,North,3958,88,Basic,52,Yes,996.04,2024-05-05
CUST0845,63,Male,North,12693,86,Standard,10,No,1238.78,2025-04-16
CUST0846,18,Female,South,8344,93,Standard,2,No,3214.6,2025-07-28
CUST0847,68,Male,West,7779,86,Standard,2,Yes,4965.42,2024-02-28
CUST0848,62,Female,West,14411,44,Standard,24,No,3910.82,2024-04-14
CUST0849,30,Female,West,8144,9,Basic,17,Yes,1206.61,2024-09-27
CUST0850,21,Female,North,7063,37,Premium,32,Yes,962.52,2024-07-14
CUST0851,18,Male,South,5830,74,Premium,16,Yes,4344.54,2023-12-17
CUST0852,66,Male,East,11046,36,Premium,16,No,2276.5,2025-08-15
CUST0853,57,Female,North,10831,92,Premium,46,Yes,771.56,2024-12-16
CUST0854,49,Female,West,12430,28,Standard,39,Yes,4324.84,2023-09-08
CUST0855,51,Male,South,11794,42,Standard,53,Yes,4098.85,2024-03-26
CUST0856,45,Male,West,8659,43,Standard,31,No,4921.14,2024-06-12
CUST0857,48,Male,East,2441,85,Premium,43,Yes,4557.74,2024-02-25
CUST0858,25,Female,West,8040,88,Standard,24,No,4273.77,2024-10-04
CUST0859,56,Male,West,7925,42,Standard,1,Yes,357.61,2024-11-29
CUST0860,43,Male,East,9358,66,Basic,11,No,611.64,2024-05-31
CUST0861,51,Female,South,6628,55,Basic,55,Yes,2888.02,2023-09-12
CUST0862,20,Male,North,8370,72,Standard,21,Yes,2704.25,2025-03-05
CUST0863,67,Male,South,11528,48,Basic,4,No,2344.02,2024-01-30
CUST0864,29,Male,East,13892,91,Basic,7,No,2044.27,2025-05-25
CUST0865,18,Female,West,2948,22,Standard,26,Yes,2212.93,2024-03-10
CUST0866,61,Female,South,13565,27,Standard,47,No,2889.56,2025-05-10
CUST0867,22,Female,North,10179,93,Standard,50,Yes,110.17,2023-10-19
CUST0868,47,Female,East,8115,67,Standard,12,Yes,1377.47,2024-05-23
CUST0869,47,Female,South,2459,13,Premium,31,Yes,2639.57,2025-08-28
CUST0870,34,Female,North,9568,45,Premium,17,No,3638.86,2025-02-02
CUST0871,65,Female,East,6646,10,Standard,33,Yes,953.37,2024-10-28
CUST0872,64,Male,North,2392,9,Basic,11,No,2779.72,2025-06-14
CUST0873,40,Male,East,14130,54,Standard,28,Yes,3600.85,2025-02-13
CUST0874,32,Female,West,3787,27,Standard,32,No,2278.68,2025-04-16
CUST0875,54,Male,South,9374,34,Basic,1,No,232.7,2025-08-05
CUST0876,38,Male,North,12449,1,Premium,47,Yes,2301.41,2024-07-15
CUST0877,31,Female,East,3138,32,Standard,28,No,1552.58,2024-07-10
CUST0878,19,Male,North,14000,89,Standard,53,Yes,4655.28,2025-06-19
CUST0879,28,Male,North,6741,93,Premium,42,Yes,710.61,2024-11-10
CUST0880,68,Male,South,9418,71,Premium,7,Yes,3297.13,2024-08-10
CUST0881,56,Male,West,8362,67,Basic,2,Yes,358.33,2023-09-05
CUST0882,55,Male,North,4454,84,Premium,42,Yes,2286.24,2025-04-11
CUST0883,51,Female,East,11658,20,Premium,24,No,2814.5,2025-06-05
CUST0884,55,Female,East,5674,94,Premium,4,Yes,1559.98,2024-05-27
CUST0885,67,Female,West,3377,35,Basic,44,No,2329.87,2025-05-11
CUST0886,51,Male,East,8701,99,Premium,19,No,901.41,2025-06-13
CUST0887,35,Female,West,4597,91,Premium,26,Yes,1590.21,2025-05-30
CUST0888,47,Male,East,2141,90,Basic,11,No,3143.42,2024-05-23
CUST0889,32,Male,South,4659,78,Premium,40,Yes,1578.82,2024-05-26
CUST0890,44,Male,North,6596,17,Premium,50,No,4508.74,2024-06-12
CUST0891,68,Male,South,11031,18,Basic,43,No,3179.19,2025-05-05
CUST0892,51,Female,North,13810,45,Standard,11,No,2249.38,2025-04-11
CUST0893,69,Female,North,7661,93,Basic,45,Yes,289.91,2024-03-06
CUST0894,55,Male,North,8142,84,Premium,3,No,2547.79,2024-04-14
CUST0895,50,Female,South,14109,53,Premium,12,Yes,3847.4,2025-06-26
CUST0896,41,Male,North,7626,91,Premium,3,No,1401.23,2024-01-14
CUST0897,32,Female,South,10787,82,Basic,42,No,4053.19,2025-07-02
CUST0898,47,Female,West,12096,68,Premium,27,No,1333.85,2025-03-29
CUST0899,59,Male,East,10472,65,Premium,49,No,4136.36,2024-05-08
CUST0900,68,Female,East,2423,1,Basic,54,Yes,517.81,2025-04-21
CUST0901,34,Male,North,8999,58,Standard,2,Yes,4344.3,2023-10-19
CUST0902,22,Female,South,14557,26,Standard,49,No,2546.01,2025-03-08
CUST0903,46,Male,East,6249,20,Premium,16,No,1553.03,2024-04-20
CUST0904,21,Male,South,3750,87,Basic,2,Yes,1399.05,2025-01-13
CUST0905,27,Female,South,6757,10,Premium,54,Yes,2216.85,2025-06-15
CUST0906,34,Female,North,3967,59,Basic,30,Yes,4995.34,2024-05-04
CUST0907,27,Male,East,6088,75,Basic,20,Yes,1179.6,2024-04-25
CUST0908,34,Female,North,6178,41,Standard,38,No,605.76,2025-05-05
CUST0909,37,Female,North,9789,5,Standard,28,No,2966.67,2025-07-28
CUST0910,41,Male,East,4946,65,Basic,25,Yes,2493.86,2025-06-06
CUST0911,22,Male,East,11641,17,Premium,32,Yes,2668.56,2024-10-27
CUST0912,51,Female,West,7394,22,Standard,10,Yes,3367.98,2023-09-05
CUST0913,23,Male,West,9880,98,Premium,42,Yes,1409.01,2023-11-06
CUST0914,19,Male,South,12523,41,Standard,40,Yes,4562.26,2024-01-22
CUST0915,30,Male,East,7075,93,Standard,33,Yes,2234.79,2025-04-13
CUST0916,60,Female,West,12412,68,Premium,13,No,732.52,2025-01-06
CUST0917,60,Female,South,13981,69,Standard,56,No,3737.26,2025-05-10
CUST0918,65,Male,South,9230,11,Standard,41,No,3251.21,2024-07-09
CUST0919,28,Female,South,13002,56,Premium,54,Yes,1647.14,2025-07-16
CUST0920,68,Male,West,14920,51,Standard,42,Yes,3145.44,2025-05-22
CUST0921,64,Female,East,3531,21,Standard,47,Yes,1177.32,2025-05-17
CUST0922,40,Male,North,4990,99,Standard,37,No,2279.71,2023-11-22
CUST0923,33,Male,South,9155,76,Premium,54,Yes,4507.12,2024-12-01
CUST0924,48,Female,West,6493,26,Basic,16,Yes,754.32,2023-11-27
CUST0925,28,Male,West,11335,19,Premium,45,No,1994.81,2024-01-05
CUST0926,33,Female,North,2933,60,Basic,22,Yes,4123.6,2024-02-01
CUST0927,25,Female,North,3460,71,Standard,57,No,4850.51,2025-05-21
CUST0928,21,Male,West,4723,47,Basic,20,No,2324.24,2023-09-01
CUST0929,57,Male,East,12704,71,Premium,50,Yes,2584.3,2024-01-24
CUST0930,21,Female,North,2285,26,Premium,43,No,2903.64,2025-08-15
CUST0931,42,Male,West,2264,40,Standard,27,Yes,4668.51,2024-07-05
CUST0932,20,Male,North,12559,5,Basic,41,No,4305.21,2025-05-20
CUST0933,49,Male,East,8816,21,Standard,16,Yes,935.95,2025-04-18
CUST0934,20,Male,South,13639,78,Standard,34,No,2240.11,2024-08-17
CUST0935,44,Male,North,3762,4,Premium,32,Yes,2373.6,2024-06-30
CUST0936,46,Female,East,13240,23,Basic,26,No,3966.57,2025-08-28
CUST0937,49,Female,West,12573,84,Basic,25,No,3054.18,2023-11-30
CUST0938,67,Male,North,12461,15,Basic,2,No,3305.68,2023-11-07
CUST0939,68,Male,North,2040,93,Basic,12,Yes,4991.18,2024-11-03
CUST0940,36,Male,West,7827,8,Standard,40,Yes,467.3,2025-01-07
CUST0941,38,Female,South,10259,41,Standard,9,No,1192.75,2024-08-10
CUST0942,22,Male,West,2987,19,Premium,12,Yes,2098.69,2024-04-21
CUST0943,35,Female,North,9804,46,Standard,26,No,1804.13,2024-11-12
CUST0944,45,Female,West,9789,28,Standard,9,Yes,206.06,2024-03-10
CUST0945,59,Female,East,7717,91,Premium,10,No,549.71,2024-04-27
CUST0946,39,Male,West,14200,68,Premium,32,Yes,3436.67,2025-03-15
CUST0947,38,Female,North,5198,15,Premium,57,No,4408.69,2023-11-01
CUST0948,23,Male,West,7374,99,Standard,34,No,2619.71,2024-12-07
CUST0949,18,Female,South,6790,37,Standard,48,No,2742.04,2024-09-12
CUST0950,22,Male,West,9183,1,Premium,20,No,1349.96,2024-08-24
CUST0951,58,Female,South,4524,67,Premium,39,Yes,3862.59,2024-06-23
CUST0952,29,Male,East,11277,24,Premium,2,No,3783.79,2025-02-14
CUST0953,43,Female,South,4479,27,Standard,1,Yes,2982.99,2024-05-09
CUST0954,63,Male,West,11885,40,Standard,51,Yes,1142.06,2024-07-18
CUST0955,51,Male,North,12507,63,Basic,36,No,575.39,2024-09-17
CUST0956,66,Male,South,7154,61,Standard,24,Yes,414.77,2025-08-14
CUST0957,31,Male,East,2778,36,Standard,54,Yes,3004.21,2023-11-13
CUST0958,43,Female,South,14781,98,Standard,27,Yes,4142.67,2025-02-28
CUST0959,62,Female,South,11777,93,Premium,2,No,4305.82,2025-01-12
CUST0960,44,Male,South,3492,24,Standard,31,Yes,2371.75,2024-01-22
CUST0961,26,Female,East,2660,24,Premium,57,Yes,3942.93,2023-09-07
CUST0962,43,Male,West,3348,4,Basic,14,No,4739.71,2024-08-23
CUST0963,64,Male,South,11491,67,Basic,2,No,1448.33,2024-05-08
CUST0964,39,Female,South,14132,34,Premium,29,Yes,2050.01,2025-05-04
CUST0965,64,Male,North,12178,57,Premium,15,No,4664.25,2024-05-01
CUST0966,47,Male,East,9851,49,Premium,12,Yes,1757.33,2025-03-07
CUST0967,60,Female,South,9156,87,Standard,37,Yes,4577.99,2025-07-09
CUST0968,65,Male,East,4044,53,Basic,28,Yes,4907.12,2025-04-21
CUST0969,34,Male,South,9368,23,Premium,20,No,3342.87,2025-02-10
CUST0970,43,Male,West,5516,69,Standard,39,Yes,4102.76,2023-09-30
CUST0971,53,Male,West,11250,95,Basic,24,No,3772.77,2025-07-26
CUST0972,18,Female,South,11168,53,Standard,21,No,3527.72,2025-06-15
CUST0973,25,Female,West,6577,62,Basic,10,Yes,1603.96,2025-08-09
CUST0974,66,Female,South,2727,41,Standard,46,No,379.76,2025-04-07
CUST0975,52,Male,West,12719,57,Basic,14,No,1780.95,2025-03-17
CUST0976,69,Male,North,13328,60,Basic,37,No,3367.99,2024-01-06
CUST0977,32,Female,North,9468,54,Standard,18,No,602.39,2023-09-06
CUST0978,64,Male,North,2342,70,Premium,24,No,158.4,2024-01-19
CUST0979,39,Male,East,3447,57,Basic,14,Yes,784.49,2025-08-04
CUST0980,31,Male,East,12571,10,Premium,34,No,3607.11,2024-12-24
CUST0981,43,Male,North,8581,40,Standard,58,Yes,4866.69,2024-08-16
CUST0982,45,Female,East,13851,7,Premium,12,Yes,4917.02,2025-02-05
CUST0983,40,Female,West,8317,38,Premium,22,Yes,2520.5,2023-11-15
CUST0984,31,Female,South,2526,85,Premium,56,Yes,4359.83,2025-08-27
CUST0985,41,Male,South,12088,61,Premium,6,Yes,3710.45,2024-02-12
CUST0986,19,Female,South,14946,84,Premium,36,Yes,2555.1,2023-09-12
CUST0987,62,Female,North,12265,3,Basic,45,No,2906.53,2025-03-29
CUST0988,43,Male,East,8748,51,Basic,36,No,772.41,2025-07-02
CUST0989,31,Male,West,2405,86,Basic,22,No,4694.54,2023-11-30
CUST0990,68,Female,West,9986,47,Standard,14,Yes,1824.46,2023-10-07
CUST0991,24,Female,North,11765,68,Premium,16,No,2286.13,2024-08-17
CUST0992,20,Female,West,14792,92,Basic,36,No,3391.14,2024-04-09
CUST0993,64,Female,West,5740,76,Standard,56,No,1736.12,2024-10-07
CUST0994,40,Male,West,14466,38,Basic,25,Yes,1345.87,2024-07-03
CUST0995,63,Female,West,14419,36,Basic,32,No,3192.14,2023-11-28
CUST0996,60,Female,East,3846,41,Premium,33,Yes,222.42,2025-05-26
CUST0997,64,Male,West,3478,69,Standard,45,No,3631.55,2025-07-25
CUST0998,62,Female,South,12587,13,Premium,36,Yes,2618.71,2025-07-03
CUST0999,35,Male,North,2771,87,Premium,20,Yes,3068.19,2023-10-10
CUST1000,55,Male,East,7525,58,Basic,18,Yes,3196.21,2025-01-18
